timestamp,experiment_name,query,answer,latency,source_files
2026-02-11 13:36:41,VMware Documentation,"List the differences of the 3q, 3s and 3m release in a table.","Error: API call failed. Prompt contains 133889 tokens and 0 draft tokens, too large for model with 131072 maximum context length",20.37s,vmware.txt
2026-02-11 13:37:02,VMware Documentation,List me a timeline for when each version of the Vmware vCenter was released.,"Based on the provided evidence, here is a timeline of the VMware vCenter versions and their release dates:  | Version | Release Date | |---------|--------------| | vCenter Server 7.0.0a | N/A | | vCenter Server 7.0.0b | N/A | | vCenter Server 7.0.0c | N/A | | vCenter Server 7.0.0d | N/A | | vCenter Server 7.0 Update 1 | N/A | | vCenter Server 7.0 Update 1a | N/A | | vCenter Server 7.0 Update 1c | N/A | | vCenter Server 7.0 Update 2 | N/A | | vCenter Server 7.0 Update 2a | N/A | | vCenter Server 7.0 Update 2b | N/A | | vCenter Server 7.0 Update 2c | N/A | | vCenter Server 7.0 Update 2d | N/A | | vCenter Server 7.0 Update 3 | N/A | | vCenter Server 7.0 Update 3a | N/A | | vCenter Server 7.0 Update 3c | N/A | | vCenter Server 7.0 Update 3d | N/A | | vCenter Server 7.0 Update 3e | N/A | | vCenter Server 7.0 Update 3f | N/A | | vCenter Server 7.0 Update 3g | N/A | | vCenter Server 7.0 Update 3n | July 6, 2023 |  Note: The specific release dates for most versions are not provided in the evidence. Only the release date for vCenter Server 7.0 Update 3n is explicitly mentioned as July 6, 2023.",20.64s,vmware.txt
2026-02-11 13:37:17,EU AI Act Analysis,How many articles are there in the AI Act?,The AI Act contains a total of 89 articles.,13.42s,aiact.txt
2026-02-11 13:37:41,EU AI Act Analysis,Summarize the requirements for high-risk AI systems.,"### Requirements for High-Risk AI Systems  The requirements for high-risk AI systems are outlined in Chapter 2 of the proposed AI Act. These requirements are designed to ensure that high-risk AI systems are safe, respect fundamental rights, and comply with existing laws. The key requirements include:  1. **Risk Management System (Article 9)**:    - Establish, implement, document, and maintain a risk management system throughout the entire lifecycle of the AI system.    - The system should include identification and analysis of known and foreseeable risks, estimation and evaluation of risks, and adoption of suitable risk management measures.  2. **Data and Data Governance (Article 10)**:    - High-risk AI systems that use techniques involving the training of models with data must be developed on the basis of training, validation, and testing data sets that meet quality criteria.    - Data sets should be relevant, representative, free of errors, and complete. They should also have the appropriate statistical properties and take into account the specific geographical, behavioural, or functional setting within which the AI system is intended to be used.  3. **Technical Documentation (Article 11)**:    - The technical documentation of a high-risk AI system must be drawn up before the system is placed on the market or put into service and kept up to date.    - The documentation should provide national competent authorities and notified bodies with all the necessary information to assess the compliance of the AI system with the requirements set out in Chapter 2.  4. **Record-Keeping (Article 12)**:    - High-risk AI systems must be designed and developed with capabilities enabling the automatic recording of events while the system is operating.    - The logging capabilities should ensure a level of traceability of the AI system's functioning throughout its lifecycle that is appropriate to the intended purpose of the system.  5. **Transparency and Provision of Information to Users (Article 13)**:    - High-risk AI systems must be designed and developed to ensure that their operation is sufficiently transparent to enable users to interpret the system's output and use it appropriately.    - The systems should be accompanied by instructions for use that include concise, complete, correct, and clear information that is relevant, accessible, and comprehensible to users.  6. **Human Oversight (Article 14)**:    - High-risk AI systems must be designed and developed in such a way, including with appropriate human-machine interface tools, that they can be effectively overseen by natural persons during the period in which the AI system is in use.    - Human oversight should aim at preventing or minimising the risks to health, safety, or fundamental rights that may emerge when a high-risk AI system is used in accordance with its intended purpose or under conditions of reasonably foreseeable misuse.  7. **Accuracy, Robustness, and Cybersecurity (Article 15)**:    - High-risk AI systems must be designed and developed to achieve, in the light of their intended purpose, an appropriate level of accuracy, robustness, and cybersecurity, and perform consistently in those respects throughout their lifecycle.    - The systems should be resilient as regards errors, faults, or inconsistencies that may occur within the system or the environment in which the system operates, including due to their interaction with natural persons or other systems.  8. **Obligations of Providers (Article 16)**:    - Providers of high-risk AI systems must ensure that their systems are compliant with the requirements set out in Chapter 2 of the AI Act.    - They must have a quality management system in place, draw up the technical documentation of the high-risk AI system, and ensure that the system undergoes the relevant conformity assessment procedure before it is placed on the market or put into service.  9. **Quality Management System (Article 17)**:    - Providers of high-risk AI systems must put a quality management system in place that ensures compliance with the AI Act. The system should be documented in a systematic and orderly manner in the form of written policies, procedures, and instructions.  10. **Conformity Assessment (Article 19)**:     - Providers of high-risk AI systems must ensure that their systems undergo the relevant conformity assessment procedure in accordance with Article 43 before they are placed on the market or put into service.  These requirements are designed to ensure that high-risk AI systems are safe, respect fundamental rights, and comply with existing laws, thereby fostering trust in AI technologies and promoting their responsible development and use.",23.8s,aiact.txt
2026-02-11 13:37:58,EU AI Act Analysis,What are the prohibited AI practices according to Article 5?,"The prohibited AI practices according to Article 5 of the AI Act are as follows:  1. **AI Systems Intended to Distort Human Behavior**:    - AI systems that deploy subliminal components that individuals cannot perceive or exploit vulnerabilities of children and people due to their age, physical or mental incapacities are prohibited.    - These systems are designed to materially distort the behavior of a person in a manner that causes or is likely to cause harm to that or another person.    - The intention to cause harm may not be presumed if the distortion of human behavior results from factors external to the AI system which are outside of the control of the provider or the user.  2. **AI Systems Providing Social Scoring of Natural Persons for General Purpose by Public Authorities or on Their Behalf**:    - AI systems that provide social scoring of natural persons for general purposes by public authorities or on their behalf are prohibited.    - Such systems evaluate or classify the trustworthiness of natural persons based on their social behavior in multiple contexts or known or predicted personal or personality characteristics.    - The social score obtained from such AI systems may lead to the detrimental or unfavorable treatment of natural persons or whole groups thereof in social contexts, which are unrelated to the context in which the data was originally generated or collected or to a detrimental treatment that is disproportionate or unjustified to the gravity of their social behavior.  3. **Use of 'Real-Time' Remote Biometric Identification Systems in Publicly Accessible Spaces for Law Enforcement**:    - The use of 'real-time' remote biometric identification systems in publicly accessible spaces for the purpose of law enforcement is prohibited, except in three exhaustively listed and narrowly defined situations:      - **Search for Potential Victims of Crime, Including Missing Children**: The use is strictly necessary to achieve a substantial public interest, the importance of which outweighs the risks.      - **Certain Threats to the Life or Physical Safety of Natural Persons or of a Terrorist Attack**: The use is strictly necessary to achieve a substantial public interest, the importance of which outweighs the risks.      - **Detection, Localisation, Identification or Prosecution of Perpetrators or Suspects of the Criminal Offences**: The use is strictly necessary to achieve a substantial public interest, the importance of which outweighs the risks. The criminal offences must be punishable in the Member State concerned by a custodial sentence or a detention order for a maximum period of at least three years and as they are defined in the law of that Member State.  These prohibitions are designed to ensure that AI systems are used in a manner that respects fundamental rights and does not cause harm or discrimination.",16.71s,aiact.txt
2026-02-11 13:38:16,EU National Parks File,List me all national parks sorted by their highest Point?,"Error: API call failed. Prompt contains 149030 tokens and 0 draft tokens, too large for model with 131072 maximum context length",15.3s,nationalparks_europe.txt
2026-02-11 13:39:07,EU National Parks File,List me all national parks where I can see brown bears,"Error: API call failed. Prompt contains 149179 tokens and 0 draft tokens, too large for model with 131072 maximum context length",51.69s,nationalparks_europe.txt
2026-02-11 13:39:22,EU National Parks File,Give me a table of all the national parks in scandinavia and the Country they are in,"Error: API call failed. Prompt contains 149003 tokens and 0 draft tokens, too large for model with 131072 maximum context length",14.19s,nationalparks_europe.txt
2026-02-11 13:39:51,AI Act + Top generative use case,"Given a virtual ai assistant in the healthcare domain, go through all articles of the ai act regulations and tell me which are noteworthy for the use-case.","### AI Act Regulations for Healthcare Applications  The AI Act provides specific regulations for healthcare applications, particularly focusing on high-risk AI systems used in medical devices, in vitro diagnostic devices, and other healthcare-related fields. Here are the key points relevant to healthcare applications:  #### 1. **High-Risk AI Systems in Healthcare**    - **Medical Devices and In Vitro Diagnostic Devices**: AI systems used as safety components in medical devices or as standalone medical devices are classified as high-risk if they undergo a third-party conformity assessment procedure. This includes AI systems used in increasingly autonomous robots for manufacturing or personal assistance and care, as well as sophisticated diagnostics systems and systems supporting human decisions in the health sector.    - **Safety and Fundamental Rights**: The classification of an AI system as high-risk is based on the severity and probability of harm it can cause to health, safety, and fundamental rights. This includes the right to human dignity, respect for private and family life, protection of personal data, freedom of expression and information, freedom of assembly and of association, and non-discrimination.  #### 2. **Specific Requirements for High-Risk AI Systems**    - **Data and Data Governance**: High-risk AI systems must be developed on the basis of high-quality training, validation, and testing datasets. These datasets must be relevant, representative, free of errors, and complete. They should also have appropriate statistical properties and take into account the specific geographical, behavioural, or functional setting within which the AI system is intended to be used.    - **Technical Documentation**: Providers of high-risk AI systems must draw up technical documentation that demonstrates compliance with the requirements set out in the AI Act. This documentation must be kept up-to-date and include information on the general characteristics, capabilities, and limitations of the system, algorithms, data, training, testing, and validation processes used, and documentation on the relevant risk management system.    - **Transparency and Provision of Information to Users**: High-risk AI systems must be designed to ensure that their operation is sufficiently transparent to enable users to interpret the system's output and use it appropriately. This includes providing concise, complete, correct, and clear information that is relevant, accessible, and comprehensible to users.    - **Human Oversight**: High-risk AI systems must be designed to include appropriate human-machine interface tools that allow for effective oversight by natural persons during the period in which the AI system is in use. This includes measures to prevent or minimise risks to health, safety, or fundamental rights that may emerge when the AI system is used in accordance with its intended purpose or under conditions of reasonably foreseeable misuse.    - **Accuracy, Robustness, and Cybersecurity**: High-risk AI systems must achieve an appropriate level of accuracy, robustness, and cybersecurity, and perform consistently throughout their lifecycle. This includes being resilient to errors, faults, or inconsistencies and protecting against malicious actions that may compromise the system's security.  #### 3. **Post-Market Monitoring and Reporting**    - **Post-Market Monitoring**: Providers of high-risk AI systems must establish and document a post-market monitoring system that is proportionate to the nature of the artificial intelligence technologies and the risks of the high-risk AI system. This system must actively and systematically collect, document, and analyse relevant data provided by users or collected through other sources on the performance of high-risk AI systems throughout their lifetime.    - **Reporting of Serious Incidents and Malfunctioning**: Providers of high-risk AI systems placed on the Union market must report any serious incident or any malfunctioning of those systems which constitutes a breach of obligations under Union law intended to protect fundamental rights to the market surveillance authorities of the Member States where that incident or breach occurred.  #### 4. **Market Surveillance and Control**    - **Market Surveillance Authorities**: The AI Act establishes market surveillance authorities responsible for ensuring the application and implementation of the regulation. These authorities are designated by each Member State and are organised to safeguard the objectivity and impartiality of their activities and tasks.    - **Access to Data and Documentation**: Market surveillance authorities are granted full access to the training, validation, and testing datasets used by the provider, including through application programming interfaces (APIs) or other appropriate technical means and tools enabling remote access. They may also be granted access to the source code of the AI system where necessary to assess the conformity of the high-risk AI system with the requirements set out in the AI Act.  #### 5. **Codes of Conduct**    - **Voluntary Compliance**: The AI Act encourages and facilitates the drawing up of codes of conduct intended to foster the voluntary application to AI systems other than high-risk AI systems of the requirements set out in the AI Act. These codes of conduct may be drawn up by individual providers of AI systems or by organisations representing them, including with the involvement of users and any interested stakeholders and their representative organisations.  #### 6. **Confidentiality and Penalties**    - **Confidentiality of Information**: National competent authorities and notified bodies involved in the application of the AI Act must respect the confidentiality of information and data obtained in carrying out their tasks and activities. This includes protecting intellectual property rights, confidential business information or trade secrets, and ensuring the effective implementation of the regulation.    - **Penalties**: Member States must take all necessary measures to ensure that the provisions of the AI Act are implemented, including by laying down effective, proportionate, and dissuasive penalties for their infringement. For certain specific infringements, Member States should take into account the margins and criteria set out in the AI Act.  ### Conclusion The AI Act provides a comprehensive framework for the regulation of AI systems in healthcare applications, focusing on ensuring the safety, effectiveness, and compliance of high-risk AI systems with fundamental rights and other legal obligations. Providers of AI systems in the healthcare sector must adhere to these regulations to ensure the safe and effective use of AI technologies in medical devices, diagnostic devices, and other healthcare-related fields.",26.9s,"aiact.txt, top_generative_use_cases.txt"
2026-02-11 13:44:24,VMware Documentation,"List the differences of the 3q, 3s and 3m release in a table.","### 3q, 3s, and 3m Release Differences  | Feature | 3q | 3s | 3m | |---------|----|----|----| | Floppy devices | 2 | 2 | 2 | 2 | 2 | 2 | 2 | 2 | | PVRDMA | 10 | 10 | 1 | 1 | 1 | 1 | 1 | 0 | | PVRDMA native endpoint (w/o vMotion) | Y | Y | Y | N | N | N | N | N | | PVRDMA native endpoint (with vMotion) | Y | Y N | N | N | | N | N | N | | NVDIMM controller | 1 | 1 | 1 | 1 | 1 | 1 | N | N | | NVDIMM device | 64 | 64 | 64 | 64 | 64 | 64 | N | N | | Virtual I/O MMU | Y | Y | Y | Y | Y | Y | N | N | | Virtual TPM | Y | Y | Y | Y | Y | Y | N | N | | Microsoft VBS | Y | Y | Y | Y | Y | Y | N | N | | Direct3D 10.1 | Y | Y | Y | Y | N | N | N | N | | Direct3D 11.0 | Y | Y | N | N | N | N | N | N | | AMD SEV-ES | Y | Y | Y | N | N | N | N | N |  ### Virtual CPU Configuration  | Feature | ESXi 7.0 Update 3 and later | ESXi 7.0 Update 2 and later | ESXi 7.0 Update 1 and later | ESXi 7.0 and later | ESXi 6.7 Update 2 and later | ESXi6.7 and later | ESXi 6.5 and later . | ESXi 6.0 and later | |---------------------------------------|-------------------------------|-------------------------------|-------------------------------|----------------------|-------------------------------|---------------------|------------------------|----------------------| | PVRDMA native endpoint (with",26.33s,vmware.txt
2026-02-11 13:44:44,VMware Documentation,List me a timeline for when each version of the Vmware vCenter was released.,"Based on the provided evidence, here is the timeline of VMware vCenter versions and their release dates:  | Version | Release Date | |---------|--------------| | vCenter Server 7.0.0a | N/A | | vCenter Server 7.0.0b | N/A | | vCenter Server 7.0.0c | N/A | | vCenter Server 7.0.0d | N/A | | vCenter Server 7.0 Update 1 | N/A | | vCenter Server 7.0 Update 1a | N/A | | vCenter Server 7.0 Update 1b | N/A | | vCenter Server 7.0 Update 1c | N/A | | vCenter Server 7.0 Update 1d | N/A | | vCenter Server 7.0 Update 2 | N/A | | vCenter Server 7.0 Update 2a | N/A | | vCenter Server 7.0 Update 2b | N/A | | vCenter Server 7.0 Update 2c | N/A | | vCenter Server 7.0 Update 2d | N/A | | vCenter Server 7.0 Update 3 | N/A | | vCenter Server 7.0 Update 3a | N/A | | vCenter Server 7.0 Update 3c | N/A | | vCenter Server 7.0 Update 3d | N/A | | vCenter Server 7.0 Update 3e | N/A | | vCenter Server 7.0 Update 3f | N/A | | vCenter Server 7.0 Update 3g | N/A | | vCenter Server 7.0 Update 3i | N/A | | vCenter Server 7.0 Update 3j | N/A | | vCenter Server 7.0 Update 3k | N/A | | vCenter Server 7.0 Update 3l | N/A | | vCenter Server 7.0 Update 3m | May 03, 2023 | | vCenter Server 7.0 Update 3n | July 06, 2023 |  Note: The release dates for most versions are not explicitly mentioned in the provided evidence. Only the release dates for vCenter Server 7.0 Update 3m and vCenter Server 7.0 Update 3n are available.",19.98s,vmware.txt
2026-02-11 13:45:00,EU AI Act Analysis,How many articles are there in the AI Act?,The AI Act contains a total of 84 articles.,13.41s,aiact.txt
2026-02-11 13:46:06,EU AI Act Analysis,Summarize the requirements for high-risk AI systems.,"### Requirements for High-Risk AI Systems  The requirements for high-risk AI systems are outlined in Chapter 2 of the proposed EU AI Act. These requirements are designed to ensure that high-risk AI systems are safe, transparent, and respect fundamental rights. The key requirements include:  1. **Risk Management System (Article 9)**    - Establish a continuous iterative process throughout the entire lifecycle of the AI system.    - Identify and analyze known and foreseeable risks.    - Evaluate other potentially arising risks based on data gathered from post-market monitoring.    - Adopt suitable risk management measures.  2. **Data and Data Governance (Article 10)**    - Ensure high-quality training, validation, and testing data sets that are relevant, representative, free of errors, and complete.    - Implement appropriate data governance and management practices.    - Address potential biases and data gaps or shortcomings.  3. **Technical Documentation (Article 11)**    - Draw up and keep up-to-date technical documentation that demonstrates compliance with the requirements.    - Include information on the general characteristics, capabilities, and limitations of the system, algorithms, data, training, testing, and validation processes, and documentation on the relevant risk management system.  4. **Record-Keeping (Article 12)**    - Design and develop capabilities for automatic recording of events ('logs') while the system is operating.    - Ensure traceability of the AI system's functioning throughout its lifecycle.  5. **Transparency and Provision of Information to Users (Article 13)**    - Ensure the operation of the system is sufficiently transparent to enable users to interpret the system's output and use it appropriately.    - Provide concise, complete, correct, and clear information that is relevant, accessible, and comprehensible to users.  6. **Human Oversight (Article 14)**    - Design and develop the system in such a way that it can be effectively overseen by natural persons.    - Ensure human oversight aims at preventing or minimizing risks to health, safety, or fundamental rights.  7. **Accuracy, Robustness, and Cybersecurity (Article 15)**    - Achieve an appropriate level of accuracy, robustness, and cybersecurity throughout the lifecycle of the system.    - Ensure the system performs consistently in those respects.    - Declare the levels of accuracy and the relevant accuracy metrics in the accompanying instructions of use.  8. **Obligations of Providers (Article 16)**    - Ensure compliance with the requirements set out in Chapter 2.    - Have a quality management system in place.    - Draw up the technical documentation of the high-risk AI system.    - Keep the logs automatically generated by the high-risk AI systems under their control.    - Ensure the system undergoes the relevant conformity assessment procedure before placing it on the market or putting it into service.    - Comply with the registration obligations.    - Take the necessary corrective actions if the system is not in conformity.    - Inform the national competent authorities and, where applicable, the notified body of the non-compliance and of any corrective actions taken.    - Affix the CE marking to their high-risk AI systems to indicate conformity with this Regulation.    - Upon request of a national competent authority, demonstrate the conformity of the high-risk AI system with the requirements set out in Chapter 2.  9. **Quality Management System (Article 17)**    - Establish a quality management system that ensures compliance with this Regulation.    - Document the system in a systematic and orderly manner in the form of written policies, procedures, and instructions.    - Include aspects such as regulatory compliance, design, development, quality control, quality assurance, examination, test and validation procedures, technical specifications, data management, risk management, post-market monitoring, reporting of serious incidents, and communication with national competent authorities.  10. **Conformity Assessment (Article 19)**     - Ensure that the system undergoes the relevant conformity assessment procedure before placing it on the market or putting it into service.     - Where the compliance of the AI systems with the requirements has been demonstrated following that conformity assessment, draw up an EU declaration of conformity and affix the CE marking of conformity.  11. **Automatically Generated Logs (Article 20)**     - Keep the logs automatically generated by the high-risk AI systems under their control by virtue of a contractual arrangement with the user or otherwise by law.     - The logs shall be kept for a period that is appropriate in the light of the intended purpose of the high-risk AI system and applicable legal obligations under Union or national law.  12. **Corrective Actions (Article 21)**     - Immediately take the necessary corrective actions to bring the system into conformity, to withdraw it, or to recall it, as appropriate.     - Inform the distributors of the high-risk AI system in question and, where applicable, the authorised representative and importers accordingly.  13. **Cooperation with Competent Authorities (Article 23)**     - Upon request by a national competent authority, provide that authority with all the information and documentation necessary to demonstrate the conformity of the high-risk AI system with the requirements set out in Chapter 2.     - Give that authority access to the logs automatically generated by the high-risk AI system, to the extent such logs are under their control by virtue of a contractual arrangement with the user or otherwise by law.     - Cooperate with competent national authorities on any action the latter takes in relation to the high-risk AI system.  14. **Obligations of Product Manufacturers (Article 24)**     - Where a high-risk AI system related to products to which the legal acts listed in Annex II, section A, apply, is placed on the market or put into service together with the product manufactured in accordance with those legal acts and under the name of the product manufacturer, the manufacturer of the product shall take the responsibility of the compliance of the AI system with this Regulation and, as far as the AI system is concerned, have the same obligations imposed by the present Regulation on the provider.  15. **Authorised Representatives (Article 25)**     - Prior to making their systems available on the Union market, where an importer cannot be identified, providers established outside the Union shall, by written mandate, appoint an authorised representative which is established in the Union.     - The authorised representative shall perform the tasks specified in the mandate received from the provider. The mandate shall empower the authorised representative to carry out the following tasks:       - Keep a copy of the EU declaration of conformity and the technical documentation at the disposal of the national competent authorities and national authorities referred to in Article 63(7).       - Provide a copy of the EU declaration of conformity and the technical documentation to the national competent authorities and national authorities referred to in Article 63(7) upon request.  16. **Obligations of Importers (Article 26)**     - Before placing a high-risk AI system on the market, importers of such systems shall ensure that:       - The appropriate conformity assessment procedure has been carried out by the provider of that AI system.       - The provider has drawn up the technical documentation in accordance with Annex IV.       - The system bears the required conformity marking and is accompanied by the required documentation and instructions of use.     - Where an importer considers or has reason to consider that a high-risk AI system is not in conformity with this Regulation, it shall not place that system on the market until that AI system has been brought into conformity. Where the high-risk AI system presents a risk within the meaning of Article 65(1), the importer shall inform the provider of the AI system and the market surveillance authorities to that effect.     - Indicate their name, registered trade name or registered trade mark, and the address at which they can be contacted on the high-risk AI system or, where that is not possible, on its packaging or its accompanying documentation, as applicable.     - Ensure that, while a high-risk AI system is under their responsibility, where applicable, storage or transport conditions do not jeopardise its compliance with the requirements set out in Chapter 2.     - Provide national competent authorities, upon a reasoned request, with all necessary information and documentation to demonstrate the conformity of a high-risk AI system with the requirements set out in Chapter 2 in a language which can be easily understood by that national competent authority, including access to the logs automatically generated by the high-risk AI system to the extent such logs are under the control of the provider by virtue of a contractual arrangement with the user or otherwise by law. They shall also cooperate with those authorities on any action national competent authority takes in relation to that system.  17. **Obligations of Distributors (Article 27)**     - Before making a high-risk AI system available on the market, distributors shall verify that the high-risk AI system bears the required CE conformity marking, that it is accompanied by the required documentation and instruction of use, and that the provider and the importer of the system, as applicable, have complied with the obligations set out in this Regulation.     - Where a distributor considers or has reason to consider that a high-risk AI system is not in conformity with the requirements set out in Chapter 2, it shall not make the high-risk AI system available on the market until that system has been brought into conformity with those requirements. Furthermore, where the system presents a risk within the meaning of Article 65(1), the distributor shall inform the provider or the importer of the system, as applicable, to that effect.     - Ensure that, while a high-risk AI system is under their responsibility, where applicable, storage or transport conditions do not jeopardise the compliance of the system with the requirements set out in Chapter 2.     - A distributor that considers or has reason to consider that a high-risk AI system which it has made available on the market is not in conformity with the requirements set out in Chapter 2 shall take the corrective actions necessary to bring that system into conformity with those requirements, to withdraw it or recall it or shall ensure that the provider, the importer or any relevant operator, as appropriate, takes those corrective actions. Where the high-risk AI system presents a risk within the meaning of Article 65(1), the distributor shall immediately inform the national competent authorities of the Member States in which it has made the product available to that effect, giving details, in particular, of the non-compliance and of any corrective actions taken.     - Upon a reasoned request from a national competent authority, distributors of high-risk AI systems shall provide that authority with all the information and documentation necessary to demonstrate the conformity of a high-risk system with the requirements set out in Chapter 2. Distributors shall also cooperate with that national competent authority on any action taken by that authority.  18. **Obligations of Users of High-Risk AI Systems (Article 29)**     - Use such systems in accordance with the instructions of use accompanying the systems, pursuant to paragraphs 2 and 5.     - The obligations in paragraph 1 are without prejudice to other user obligations under Union or national law and to the user's discretion in organising its own resources and activities for the purpose of implementing the human oversight measures indicated by the provider.     - Without prejudice to paragraph 1, to the extent the user exercises control over the input data, that user shall ensure that input data is relevant in view of the intended purpose of the high-risk AI system.     - Monitor the operation of the high-risk AI system on the basis of the instructions of use. When they have reasons to consider that the use in accordance with the instructions of use may result in the AI system presenting a risk within the meaning of Article 65(1) they shall inform the provider or distributor and suspend the use of the system. They shall also inform the provider or distributor when they have identified any serious incident or any malfunctioning within the meaning of Article 62 and interrupt the use of the AI system. In case the user is not able to reach the provider, Article 62 shall apply mutatis mutandis.     - For users that are credit institutions regulated by Directive 2013/36/EU, the monitoring obligation set out in the first subparagraph shall be deemed to be fulfilled by complying with the rules on internal governance arrangements, processes and mechanisms pursuant to Article 74 of that Directive.     - Keep the logs automatically generated by that high-risk AI system, to the extent such logs are under their control. The logs shall be kept for a period that is appropriate in the light of the intended purpose of the high-risk AI system and applicable legal obligations under Union or national law.     - Users that are credit institutions regulated by Directive 2013/36/EU shall maintain the logs as part of the documentation concerning internal governance arrangements, processes and mechanisms pursuant to Article 74 of that Directive.     - Use the information provided under Article 13 to comply with their obligation to carry out a data protection impact assessment under Article 35 of Regulation (EU) 2016/679 or Article 27 of Directive (EU) 2016/680, where applicable.  19. **Notifying Authorities and Notified Bodies (Article 30)**     - Each Member State shall designate or establish a notifying authority responsible for setting up and carrying out the necessary procedures for the assessment, designation and notification of conformity assessment bodies and for their monitoring.     - Member States may designate a national accreditation body referred to in Regulation (EC) No 765/2008 as a notifying authority.     - Notifying authorities shall be established, organised and operated in such a way that no conflict of interest arises with conformity assessment bodies and the objectivity and impartiality of their activities are safeguarded.     - Notifying authorities shall be organised in such a way that decisions relating to the notification of conformity assessment bodies are taken by competent persons different from those who carried out the assessment of those bodies.     - Notifying authorities shall not offer or provide any activities that conformity assessment bodies perform or any consultancy services on a commercial or competitive basis.     - Notifying authorities shall safeguard the confidentiality of the information they obtain.     - Notifying authorities shall have a sufficient number of competent personnel at their disposal for the proper performance of their tasks.     - Notifying authorities shall make sure that conformity assessments are carried out in a proportionate manner, avoiding unnecessary burdens for providers and that notified bodies perform their activities taking due account of the size of an undertaking, the sector in which it operates, its structure and the degree of complexity of the AI system in question.  20. **Application of a Conformity Assessment Body for Notification (Article 31)**     - Conformity assessment bodies shall submit an application for notification to the notifying authority of the Member State in which they are established.     - The application for notification shall be accompanied by a description of the conformity assessment activities, the conformity assessment module or modules and the artificial intelligence technologies for which the conformity assessment body claims to be competent, as well as by an accreditation certificate, where one exists, issued by a national accreditation body attesting that the conformity assessment body fulfils the requirements laid down in Article 33. Any valid document related to existing designations of the applicant notified body under any other Union harmonisation legislation shall be added.     - Where the conformity assessment body concerned cannot provide an accreditation certificate, it shall provide the notifying authority with the documentary evidence necessary for the verification, recognition and regular monitoring of its compliance with the requirements laid down in Article 33. For notified bodies which are designated under any other Union harmonisation legislation, all documents and certificates linked to those designations may be used to support their designation procedure under this Regulation, as appropriate.  21. **Notification Procedure (Article 32)**     - Notifying authorities may notify only conformity assessment bodies which have satisfied the requirements laid down in Article 33.     - Notifying authorities shall notify the Commission and the other Member States using the electronic notification tool developed and managed by the Commission.     - The notification shall include full details of the conformity assessment activities, the conformity assessment module or modules and the artificial intelligence technologies concerned.     - The conformity assessment body concerned may perform the activities of a notified body only where no objections are raised by the Commission or the other Member States within one month of a notification.     - Notifying authorities shall notify the Commission and the other Member States of any subsequent relevant changes to the notification.  22. **Notified Bodies (Article 33)**     - Verify the conformity of high-risk AI systems in accordance with the conformity assessment procedures referred to in Article 43.     - Satisfy the organisational, quality management, resources and process requirements that are necessary to fulfil their tasks.     - The organisational structure, allocation of responsibilities, reporting lines and operation of notified bodies shall be such as to ensure that there is confidence in the performance by and in the results of the conformity assessment activities that the notified bodies conduct.     - Be independent of the provider of a high-risk AI system in relation to which it performs conformity assessment activities. Notified bodies shall also be independent of any other operator having an economic interest in the high-risk AI system that is assessed, as well as of any competitors of the provider.     - Be organised and operated so as to safeguard the independence, objectivity and impartiality of their activities. Notified bodies shall document and implement a structure and procedures to safeguard impartiality and to promote and apply the principles of impartiality throughout their organisation, personnel and assessment activities.     - Have documented procedures in place ensuring that their personnel, committees, subsidiaries, subcontractors and any associated body or personnel of external bodies respect the confidentiality of the information which comes into their possession during the performance of conformity assessment activities, except when disclosure is required by law. The staff of notified bodies shall be bound to observe professional secrecy with regard to all information obtained in carrying out their tasks under this Regulation, except in relation to the notifying authorities of the Member State in which their activities are carried out.     - Have procedures for the performance of activities which take due account of the size of an undertaking, the sector in which it operates, its structure and the degree of complexity of the AI system in question.     - Take out appropriate liability insurance for their conformity assessment activities, unless liability is assumed by the Member State concerned in accordance with national law or that Member State is directly responsible for the conformity assessment.     - Be capable of carrying out all the tasks falling to them under this Regulation with the highest degree of professional integrity and the requisite competence in the specific field, whether those tasks are carried out by notified bodies themselves or on their behalf and under their responsibility.     - Have sufficient internal competences to be able to effectively evaluate the tasks conducted by external parties on their behalf. To that end, at all times and for each conformity assessment procedure and each type of high-risk AI system in relation to which they have been designated, the notified body shall have permanent availability of sufficient administrative, technical and scientific personnel who possess experience and knowledge relating to the relevant artificial intelligence technologies, data and data computing and to the requirements set out in Chapter 2 of this Title.     - Participate in coordination activities as referred to in Article 38. They shall also take part directly or be represented in European standardisation organisations, or ensure that they are aware and up to date in respect of relevant standards.     - Make available and submit upon request all relevant documentation, including the providers' documentation, to the notifying authority referred to in Article 30 to allow it to conduct its assessment, designation, notification, monitoring and surveillance activities and to facilitate the assessment outlined in this Chapter.  23. **Subsidiaries",66.39s,aiact.txt
2026-02-11 13:46:25,EU AI Act Analysis,What are the prohibited AI practices according to Article 5?,"The prohibited AI practices according to Article 5 are as follows:  1. **Placing on the market, putting into service, or using an AI system that deploys subliminal techniques beyond a person's consciousness in order to materially distort a person's behaviour in a manner that causes or is likely to cause that person or another person physical or psychological harm.** 2. **Placing on the market, putting into service, or using an AI system that exploits any of the vulnerabilities of a specific group of persons due to their age, physical or mental disability, in order to materially distort the behaviour of a person pertaining to that group in a manner that causes or is likely to cause that person or another person physical or psychological harm.** 3. **Placing on the market, putting into service, or using AI systems by public authorities or on their behalf for the evaluation or classification of the trustworthiness of natural persons over a certain period of time based on their social behaviour or known or predicted personal or personality characteristics, with the social score leading to either or both of the following:**    - **Detrimental or unfavourable treatment of certain natural persons or whole groups thereof in social contexts which are unrelated to the contexts in which the data was originally generated or collected.**    - **Detrimental or unfavourable treatment of certain natural persons or whole groups thereof that is unjustified or disproportionate to their social behaviour or its gravity.** 4. **Using 'real-time' remote biometric identification systems in publicly accessible spaces for the purpose of law enforcement, unless and in as far as such use is strictly necessary for one of the following objectives:**    - **The targeted search for specific potential victims of crime, including missing children.**    - **The prevention of a specific, substantial and imminent threat to the life or physical safety of natural persons or of a terrorist attack.**    - **The detection, localisation, identification or prosecution of a perpetrator or suspect of a criminal offence referred to in Article 2(2) of Council Framework Decision 2002/584/JHA and punishable in the Member State concerned by a custodial sentence or a detention order for a maximum period of at least three years, as determined by the law of that Member State.**  These practices are prohibited to ensure the protection of fundamental rights and to prevent the misuse of AI technologies that could cause harm or discrimination.",18.93s,aiact.txt
2026-02-11 13:46:47,EU National Parks File,List me all national parks sorted by their highest Point?,"Error: API call failed. Prompt contains 149409 tokens and 0 draft tokens, too large for model with 131072 maximum context length",19.75s,nationalparks_europe.txt
2026-02-11 13:47:01,EU National Parks File,List me all national parks where I can see brown bears,"Error: API call failed. Prompt contains 150121 tokens and 0 draft tokens, too large for model with 131072 maximum context length",13.93s,nationalparks_europe.txt
2026-02-11 13:47:14,EU National Parks File,Give me a table of all the national parks in scandinavia and the Country they are in,"Error: API call failed. Prompt contains 147918 tokens and 0 draft tokens, too large for model with 131072 maximum context length",12.15s,nationalparks_europe.txt
2026-02-11 13:47:42,AI Act + Top generative use case,"Given a virtual ai assistant in the healthcare domain, go through all articles of the ai act regulations and tell me which are noteworthy for the use-case.","The AI Act is a comprehensive regulatory framework proposed by the European Commission to govern the development, deployment, and use of artificial intelligence (AI) systems within the European Union. The Act aims to ensure that AI systems are safe, respect fundamental rights, and comply with existing laws. Here are the key aspects of the AI Act that are noteworthy for the use-case of a virtual AI assistant in the healthcare domain:  1. **Risk-Based Approach**: The AI Act adopts a risk-based approach to regulate AI systems. It categorizes AI systems into different risk levels, with high-risk AI systems subject to stricter regulatory requirements. This approach ensures that the level of regulation is proportional to the potential risks posed by the AI system.  2. **High-Risk AI Systems**: The Act identifies certain AI systems as high-risk, which include those used in critical areas such as healthcare, transportation, and law enforcement. High-risk AI systems are subject to mandatory requirements, including risk management, data governance, transparency, and human oversight. For a virtual AI assistant in the healthcare domain, this means that the system would need to comply with these stringent requirements to ensure patient safety and data protection.  3. **Data and Data Governance**: The Act emphasizes the importance of high-quality data for AI systems. It requires that data used for training, validation, and testing of AI systems must be relevant, representative, free of errors, and complete. This is particularly relevant for healthcare AI systems, which rely on accurate and comprehensive medical data to provide reliable assistance.  4. **Transparency and Provision of Information**: The Act mandates that AI systems must be transparent, allowing users to understand the system's output and use it appropriately. This is crucial for healthcare AI assistants, as healthcare professionals and patients need to understand the reasoning behind the AI's recommendations or decisions.  5. **Human Oversight**: The Act requires that high-risk AI systems must be designed to allow for effective human oversight. This means that healthcare AI assistants must be designed in such a way that healthcare professionals can monitor and intervene in the system's operations when necessary.  6. **Accuracy, Robustness, and Cybersecurity**: The Act requires AI systems to achieve an appropriate level of accuracy, robustness, and cybersecurity. This is essential for healthcare AI assistants, as any inaccuracies or security vulnerabilities could have serious consequences for patient care.  7. **Post-Market Monitoring**: The Act mandates that providers of high-risk AI systems must establish and maintain a post-market monitoring system. This system should actively and systematically collect, document, and analyze relevant data on the performance of the AI system throughout its lifecycle. This is important for healthcare AI assistants to ensure ongoing safety and effectiveness.  8. **Registration and Market Surveillance**: The Act requires that high-risk AI systems be registered in a EU database and be subject to market surveillance. This ensures that healthcare AI assistants are continuously monitored for compliance with the Act's requirements.  9. **Prohibition of Certain AI Practices**: The Act prohibits certain AI practices that are considered harmful or unethical. This includes AI systems that distort human behavior or exploit vulnerabilities of individuals. This is relevant for healthcare AI assistants to ensure that they do not engage in any harmful or unethical practices.  10. **Governance and Enforcement**: The Act establishes a governance framework at both the EU and national levels to ensure compliance with the Act's requirements. This includes the establishment of a European Artificial Intelligence Board and national competent authorities. This governance framework is crucial for the effective regulation and enforcement of the Act's requirements for healthcare AI assistants.  In summary, the AI Act provides a comprehensive regulatory framework that is particularly relevant for the use-case of a virtual AI assistant in the healthcare domain. The Act's requirements for high-risk AI systems, including those related to data governance, transparency, human oversight, accuracy, robustness, and cybersecurity, are essential for ensuring the safety, effectiveness, and ethical use of healthcare AI assistants.",25.78s,"aiact.txt, top_generative_use_cases.txt"
